rowId,source,path,featureCount
addSaltAndPepperNoise/addSaltAndPepperNoise,runJson,addSaltAndPepperNoise/addSaltAndPepperNoise.json,4
addShotSpeckleNoise/addShotSpeckleNoise,runJson,addShotSpeckleNoise/addShotSpeckleNoise.json,6
affineKeypointRegistration/affineKeypointRegistration,runJson,affineKeypointRegistration/affineKeypointRegistration.json,4
biasCorrection/biasCorrection,runJson,biasCorrection/biasCorrection.json,10
binaryContour/binaryContour,runJson,binaryContour/binaryContour.json,4
binaryMedian/binaryMedian,runJson,binaryMedian/binaryMedian.json,4
blackTopHat/blackTopHat,runJson,blackTopHat/blackTopHat.json,4
chunk/chunk,runJson,chunk/chunk.json,6
chunk/toChunk,runJson,chunk/toChunk.json,4
closing/closing,runJson,closing/closing.json,4
computeStats/computeStats,runJson,computeStats/computeStats.json,4
connectedComponents/connectedComponents,runJson,connectedComponents/connectedComponents.json,11
convolve/convolve,runJson,convolve/convolve.json,6
convolve3d/convolve3d,runJson,convolve3d/convolve3d.json,5
copy/copy,runJson,copy/copy.json,3
createByEuler2DTransform/createByEuler2DTransform,runJson,createByEuler2DTransform/createByEuler2DTransform.json,7
dilate/dilate,runJson,dilate/dilate.json,4
erode/erode,runJson,erode/erode.json,6
fft/fft,runJson,fft/fft.json,6
fillSmallHoles/fillSmallHoles,runJson,fillSmallHoles/fillSmallHoles.json,4
finiteDiff3D/finiteDiff3D,runJson,finiteDiff3D/finiteDiff3D.json,5
forstner3DKeypoints/forstner3DKeypoints,runJson,forstner3DKeypoints/forstner3DKeypoints.json,4
grayscaleClosing/grayscaleClosing,runJson,grayscaleClosing/grayscaleClosing.json,4
grayscaleDilate/grayscaleDilate,runJson,grayscaleDilate/grayscaleDilate.json,4
grayscaleErode/grayscaleErode,runJson,grayscaleErode/grayscaleErode.json,4
grayscaleOpening/grayscaleOpening,runJson,grayscaleOpening/grayscaleOpening.json,4
harris3DKeypoints/harris3DKeypoints,runJson,harris3DKeypoints/harris3DKeypoints.json,4
hessianKeypoints/hessianKeypoints,runJson,hessianKeypoints/hessianKeypoints.json,4
histogram/histogram,runJson,histogram/histogram.json,3
histogramShared/histogramShared,runJson,histogramShared/histogramShared.json,5
imageFilter/imageFilter,runJson,imageFilter/imageFilter.json,17
meshMeasurement/meshMeasurement,runJson,meshMeasurement/meshMeasurement.json,7
momentsThreshold/momentsThreshold,runJson,momentsThreshold/momentsThreshold.json,7
morphologicalGradient/morphologicalGradient,runJson,morphologicalGradient/morphologicalGradient.json,4
multiplyConstant/multiplyConstant,runJson,multiplyConstant/multiplyConstant.json,6
multiplyMask/multiplyMask,runJson,multiplyMask/multiplyMask.json,4
noise/noise,runJson,noise/noise.json,5
normalize/normalize,runJson,normalize/normalize.json,10
objectsImage/objectsImage,runJson,objectsImage/objectsImage.json,5
objectsMarchingCubes/objectsMarchingCubes,runJson,objectsMarchingCubes/objectsMarchingCubes.json,4
objectsSizeHistogram/objectsSizeHistogram,runJson,objectsSizeHistogram/objectsSizeHistogram.json,9
opening/opening,runJson,opening/opening.json,4
otsuThreshold/otsuThreshold,runJson,otsuThreshold/otsuThreshold.json,7
quantileClamp/quantileClamp,runJson,quantileClamp/quantileClamp.json,9
random/random,runJson,random/random.json,4
removeSmallObjects/removeSmallObjects,runJson,removeSmallObjects/removeSmallObjects.json,4
resample/resample,runJson,resample/resample.json,5
resampleAffineTrilinearSlices/resampleAffineTrilinearSlices,runJson,resampleAffineTrilinearSlices/resampleAffineTrilinearSlices.json,4
resize/resize,runJson,resize/resize.json,4
saltAndPepperNoise/saltAndPepperNoise,runJson,saltAndPepperNoise/saltAndPepperNoise.json,3
scalarFunction/scalarFunction,runJson,scalarFunction/scalarFunction.json,3
serial/serial,runJson,serial/serial.json,2
serialBiasCorrect/serialBiasCorrect,runJson,serialBiasCorrect/serialBiasCorrect.json,4
serialTransform/serialTransform,runJson,serialTransform/serialTransform.json,8
sharedImbalancedStreamer/sharedImbalancedStreamer,runJson,sharedImbalancedStreamer/sharedImbalancedStreamer.json,7
sharedStreamer/sharedStreamer,runJson,sharedStreamer/sharedStreamer.json,8
shotNoise/shotNoise,runJson,shotNoise/shotNoise.json,4
showImage/showImage,runJson,showImage/showImage.json,3
siftKeypoints/siftKeypoints,runJson,siftKeypoints/siftKeypoints.json,4
signedDistanceBand/signedDistanceBand,runJson,signedDistanceBand/signedDistanceBand.json,6
speckleNoise/speckleNoise,runJson,speckleNoise/speckleNoise.json,4
structureTensor/structureTensor,runJson,structureTensor/structureTensor.json,6
sumProjection/sumProjection,runJson,sumProjection/sumProjection.json,6
threshold/threshold,runJson,threshold/threshold.json,6
transition/transition,runJson,transition/transition.json,6
transpose/transpose,runJson,transpose/transpose.json,5
volume/volume,runJson,volume/volume.json,4
whiteTopHat/whiteTopHat,runJson,whiteTopHat/whiteTopHat.json,4
