SimpleITK Filter,Category
AbsImageFilter,Slice-wise
AbsoluteValueDifferenceImageFilter,Slice-wise
AcosImageFilter,Slice-wise
AdaptiveHistogramEqualizationImageFilter,Full-volume
AddImageFilter,Slice-wise
AdditiveGaussianNoiseImageFilter,Slice-wise
AffineTransform,Full-volume
AggregateLabelMapFilter,Slice-wise
AndImageFilter,Slice-wise
AntiAliasBinaryImageFilter,Full-volume
ApproximateSignedDistanceMapImageFilter,Full-volume
AreaClosingImageFilter,Slice-wise
AreaOpeningImageFilter,Slice-wise
AsinImageFilter,Slice-wise
Atan2ImageFilter,Slice-wise
AtanImageFilter,Slice-wise
BSplineDecompositionImageFilter,Slice-wise
BSplineTransform,Full-volume
BSplineTransformInitializerFilter,Full-volume
BilateralImageFilter,Rolling-window
BinShrinkImageFilter,Slice-wise
BinaryClosingByReconstructionImageFilter,Slice-wise
BinaryContourImageFilter,Slice-wise
BinaryDilateImageFilter,Slice-wise
BinaryErodeImageFilter,Slice-wise
BinaryFillholeImageFilter,Slice-wise
BinaryGrindPeakImageFilter,Slice-wise
BinaryImageToLabelMapFilter,Slice-wise
BinaryMagnitudeImageFilter,Slice-wise
BinaryMedianImageFilter,Rolling-window
BinaryMinMaxCurvatureFlowImageFilter,Rolling-window
BinaryMorphologicalClosingImageFilter,Rolling-window
BinaryMorphologicalOpeningImageFilter,Rolling-window
BinaryNotImageFilter,Slice-wise
BinaryOpeningByReconstructionImageFilter,Slice-wise
BinaryProjectionImageFilter,Slice-wise
BinaryPruningImageFilter,Slice-wise
BinaryReconstructionByDilationImageFilter,Slice-wise
BinaryReconstructionByErosionImageFilter,Slice-wise
BinaryThinningImageFilter,Slice-wise
BinaryThresholdImageFilter,Slice-wise
BinaryThresholdProjectionImageFilter,Slice-wise
BinomialBlurImageFilter,Slice-wise
BitwiseNotImageFilter,Slice-wise
BlackTopHatImageFilter,Slice-wise
BoundedReciprocalImageFilter,Slice-wise
BoxMeanImageFilter,Slice-wise
BoxSigmaImageFilter,Slice-wise
CannyEdgeDetectionImageFilter,Slice-wise
CannySegmentationLevelSetImageFilter,Slice-wise
CastImageFilter,Slice-wise
CenteredTransformInitializerFilter,Full-volume
CenteredVersorTransformInitializerFilter,Full-volume
ChangeLabelImageFilter,Slice-wise
ChangeLabelLabelMapFilter,Slice-wise
CheckerBoardImageFilter,Slice-wise
ClampImageFilter,Slice-wise
ClosingByReconstructionImageFilter,Slice-wise
CollidingFrontsImageFilter,Slice-wise
ComplexToImaginaryImageFilter,Slice-wise
ComplexToModulusImageFilter,Slice-wise
ComplexToPhaseImageFilter,Slice-wise
ComplexToRealImageFilter,Slice-wise
ComposeImageFilter,Slice-wise
ComposeScaleSkewVersor3DTransform,Full-volume
CompositeTransform,Full-volume
ConfidenceConnectedImageFilter,Slice-wise
ConnectedComponentImageFilter,Full-volume
ConnectedThresholdImageFilter,Slice-wise
ConstantPadImageFilter,Slice-wise
ConvolutionImageFilter,Slice-wise
CosImageFilter,Slice-wise
CropImageFilter,Slice-wise
CurvatureAnisotropicDiffusionImageFilter,Rolling-window
CurvatureFlowImageFilter,Rolling-window
CyclicShiftImageFilter,Slice-wise
DICOMOrientImageFilter,Slice-wise
DanielssonDistanceMapImageFilter,Full-volume
DemonsRegistrationFilter,Full-volume
DerivativeImageFilter,Slice-wise
DiffeomorphicDemonsRegistrationFilter,Full-volume
DilateObjectMorphologyImageFilter,Rolling-window
DiscreteGaussianDerivativeImageFilter,Rolling-window
DiscreteGaussianImageFilter,Rolling-window
DisplacementFieldJacobianDeterminantFilter,Slice-wise
DisplacementFieldTransform,Full-volume
DivideFloorImageFilter,Slice-wise
DivideImageFilter,Slice-wise
DivideRealImageFilter,Slice-wise
DoubleThresholdImageFilter,Slice-wise
EdgePotentialImageFilter,Slice-wise
ElastixImageFilter,Slice-wise
EqualImageFilter,Slice-wise
ErodeObjectMorphologyImageFilter,Rolling-window
Euler2DTransform,Full-volume
Euler3DTransform,Full-volume
ExpImageFilter,Slice-wise
ExpNegativeImageFilter,Slice-wise
ExpandImageFilter,Slice-wise
ExtractImageFilter,Slice-wise
FFTConvolutionImageFilter,Full-volume
FFTNormalizedCorrelationImageFilter,Full-volume
FFTPadImageFilter,Full-volume
FFTShiftImageFilter,Full-volume
FastApproximateRankImageFilter,Slice-wise
FastMarchingBaseImageFilter,Slice-wise
FastMarchingImageFilter,Slice-wise
FastMarchingUpwindGradientImageFilter,Rolling-window
FastSymmetricForcesDemonsRegistrationFilter,Full-volume
FlipImageFilter,Slice-wise
ForwardFFTImageFilter,Full-volume
GaborImageSource,Slice-wise
GaussianImageSource,Rolling-window
GeodesicActiveContourLevelSetImageFilter,Slice-wise
GradientAnisotropicDiffusionImageFilter,Rolling-window
GradientImageFilter,Rolling-window
GradientMagnitudeImageFilter,Rolling-window
GradientMagnitudeRecursiveGaussianImageFilter,Rolling-window
GradientRecursiveGaussianImageFilter,Rolling-window
GrayscaleConnectedClosingImageFilter,Slice-wise
GrayscaleConnectedOpeningImageFilter,Slice-wise
GrayscaleDilateImageFilter,Slice-wise
GrayscaleErodeImageFilter,Slice-wise
GrayscaleFillholeImageFilter,Slice-wise
GrayscaleGeodesicDilateImageFilter,Slice-wise
GrayscaleGeodesicErodeImageFilter,Slice-wise
GrayscaleGrindPeakImageFilter,Slice-wise
GrayscaleMorphologicalClosingImageFilter,Rolling-window
GrayscaleMorphologicalOpeningImageFilter,Rolling-window
GreaterEqualImageFilter,Slice-wise
GreaterImageFilter,Slice-wise
GridImageSource,Slice-wise
HConcaveImageFilter,Slice-wise
HConvexImageFilter,Slice-wise
HMaximaImageFilter,Slice-wise
HMinimaImageFilter,Slice-wise
HalfHermitianToRealInverseFFTImageFilter,Full-volume
HashImageFilter,Slice-wise
HausdorffDistanceImageFilter,Full-volume
HistogramMatchingImageFilter,Full-volume
HuangThresholdImageFilter,Slice-wise
ImageFileReader,Slice-wise
ImageFileWriter,Slice-wise
ImageFilter,Slice-wise
ImageRegistrationMethod,Full-volume
ImageSeriesReader,Slice-wise
ImageSeriesWriter,Slice-wise
ImportImageFilter,Slice-wise
IntensityWindowingImageFilter,Slice-wise
IntermodesThresholdImageFilter,Slice-wise
InverseDeconvolutionImageFilter,Full-volume
InverseDisplacementFieldImageFilter,Slice-wise
InverseFFTImageFilter,Full-volume
InvertDisplacementFieldImageFilter,Slice-wise
InvertIntensityImageFilter,Slice-wise
IsoContourDistanceImageFilter,Full-volume
IsoDataThresholdImageFilter,Slice-wise
IsolatedConnectedImageFilter,Slice-wise
IsolatedWatershedImageFilter,Full-volume
IterativeInverseDisplacementFieldImageFilter,Slice-wise
JoinSeriesImageFilter,Slice-wise
KittlerIllingworthThresholdImageFilter,Slice-wise
LabelContourImageFilter,Slice-wise
LabelImageToLabelMapFilter,Slice-wise
LabelIntensityStatisticsImageFilter,Full-volume
LabelMapContourOverlayImageFilter,Slice-wise
LabelMapMaskImageFilter,Slice-wise
LabelMapOverlayImageFilter,Slice-wise
LabelMapToBinaryImageFilter,Slice-wise
LabelMapToLabelImageFilter,Slice-wise
LabelMapToRGBImageFilter,Slice-wise
LabelOverlapMeasuresImageFilter,Full-volume
LabelOverlayImageFilter,Slice-wise
LabelSetDilateImageFilter,Slice-wise
LabelSetErodeImageFilter,Slice-wise
LabelShapeStatisticsImageFilter,Full-volume
LabelStatisticsImageFilter,Full-volume
LabelToRGBImageFilter,Slice-wise
LabelUniqueLabelMapFilter,Slice-wise
LabelVotingImageFilter,Slice-wise
LandmarkBasedTransformInitializerFilter,Full-volume
LandweberDeconvolutionImageFilter,Full-volume
LaplacianImageFilter,Slice-wise
LaplacianRecursiveGaussianImageFilter,Rolling-window
LaplacianSegmentationLevelSetImageFilter,Slice-wise
LaplacianSharpeningImageFilter,Slice-wise
LessEqualImageFilter,Slice-wise
LessImageFilter,Slice-wise
LevelSetMotionRegistrationFilter,Full-volume
LiThresholdImageFilter,Slice-wise
Log10ImageFilter,Slice-wise
LogImageFilter,Slice-wise
MagnitudeAndPhaseToComplexImageFilter,Slice-wise
MaskImageFilter,Slice-wise
MaskNegatedImageFilter,Slice-wise
MaskedAssignImageFilter,Slice-wise
MaskedFFTNormalizedCorrelationImageFilter,Full-volume
MaximumEntropyThresholdImageFilter,Slice-wise
MaximumImageFilter,Slice-wise
MaximumProjectionImageFilter,Slice-wise
MeanImageFilter,Slice-wise
MeanProjectionImageFilter,Slice-wise
MedianImageFilter,Rolling-window
MedianProjectionImageFilter,Slice-wise
MergeLabelMapFilter,Slice-wise
MinMaxCurvatureFlowImageFilter,Rolling-window
MinimumImageFilter,Slice-wise
MinimumMaximumImageFilter,Slice-wise
MinimumProjectionImageFilter,Slice-wise
MirrorPadImageFilter,Slice-wise
ModulusImageFilter,Slice-wise
MomentsThresholdImageFilter,Slice-wise
MorphologicalGradientImageFilter,Rolling-window
MorphologicalWatershedFromMarkersImageFilter,Rolling-window
MorphologicalWatershedImageFilter,Rolling-window
MultiLabelSTAPLEImageFilter,Full-volume
MultiplyImageFilter,Slice-wise
N4BiasFieldCorrectionImageFilter,Full-volume
NaryAddImageFilter,Full-volume
NaryMaximumImageFilter,Full-volume
NeighborhoodConnectedImageFilter,Slice-wise
NoiseImageFilter,Slice-wise
NormalizeImageFilter,Full-volume
NormalizeToConstantImageFilter,Full-volume
NormalizedCorrelationImageFilter,Slice-wise
NotEqualImageFilter,Slice-wise
NotImageFilter,Slice-wise
ObjectnessMeasureImageFilter,Slice-wise
OpeningByReconstructionImageFilter,Slice-wise
OrImageFilter,Slice-wise
OtsuMultipleThresholdsImageFilter,Slice-wise
OtsuThresholdImageFilter,Slice-wise
PasteImageFilter,Slice-wise
PatchBasedDenoisingImageFilter,Slice-wise
PermuteAxesImageFilter,Slice-wise
PhysicalPointImageSource,Slice-wise
PowImageFilter,Slice-wise
ProcessObject,Slice-wise
ProjectedLandweberDeconvolutionImageFilter,Full-volume
RankImageFilter,Slice-wise
RealAndImaginaryToComplexImageFilter,Slice-wise
RealToHalfHermitianForwardFFTImageFilter,Full-volume
ReconstructionByDilationImageFilter,Slice-wise
ReconstructionByErosionImageFilter,Slice-wise
RecursiveGaussianImageFilter,Rolling-window
RegionOfInterestImageFilter,Slice-wise
RegionalMaximaImageFilter,Slice-wise
RegionalMinimaImageFilter,Slice-wise
ReinitializeLevelSetImageFilter,Slice-wise
RelabelComponentImageFilter,Slice-wise
RelabelLabelMapFilter,Slice-wise
RenyiEntropyThresholdImageFilter,Slice-wise
ResampleImageFilter,Slice-wise
RescaleIntensityImageFilter,Slice-wise
RichardsonLucyDeconvolutionImageFilter,Full-volume
RoundImageFilter,Slice-wise
SLICImageFilter,Slice-wise
STAPLEImageFilter,Full-volume
SaltAndPepperNoiseImageFilter,Slice-wise
ScalarChanAndVeseDenseLevelSetImageFilter,Slice-wise
ScalarConnectedComponentImageFilter,Full-volume
ScalarImageKmeansImageFilter,Slice-wise
ScalarToRGBColormapImageFilter,Slice-wise
ScaleSkewVersor3DTransform,Full-volume
ScaleTransform,Full-volume
ScaleVersor3DTransform,Full-volume
ShanbhagThresholdImageFilter,Slice-wise
ShapeDetectionLevelSetImageFilter,Slice-wise
ShiftScaleImageFilter,Slice-wise
ShotNoiseImageFilter,Slice-wise
ShrinkImageFilter,Slice-wise
SigmoidImageFilter,Slice-wise
SignedDanielssonDistanceMapImageFilter,Full-volume
SignedMaurerDistanceMapImageFilter,Full-volume
Similarity2DTransform,Full-volume
Similarity3DTransform,Full-volume
SimilarityIndexImageFilter,Full-volume
SimpleContourExtractorImageFilter,Slice-wise
SinImageFilter,Slice-wise
SliceImageFilter,Slice-wise
SmoothingRecursiveGaussianImageFilter,Rolling-window
SobelEdgeDetectionImageFilter,Slice-wise
SpeckleNoiseImageFilter,Slice-wise
SqrtImageFilter,Slice-wise
SquareImageFilter,Slice-wise
SquaredDifferenceImageFilter,Slice-wise
StandardDeviationProjectionImageFilter,Slice-wise
StatisticsImageFilter,Full-volume
StochasticFractalDimensionImageFilter,Slice-wise
SubtractImageFilter,Slice-wise
SumProjectionImageFilter,Slice-wise
SymmetricForcesDemonsRegistrationFilter,Full-volume
TanImageFilter,Slice-wise
TernaryAddImageFilter,Slice-wise
TernaryMagnitudeImageFilter,Slice-wise
TernaryMagnitudeSquaredImageFilter,Slice-wise
ThresholdImageFilter,Slice-wise
ThresholdMaximumConnectedComponentsImageFilter,Full-volume
ThresholdSegmentationLevelSetImageFilter,Slice-wise
TikhonovDeconvolutionImageFilter,Full-volume
TileImageFilter,Slice-wise
TobogganImageFilter,Slice-wise
TransformGeometryImageFilter,Full-volume
TransformToDisplacementFieldFilter,Full-volume
TransformixImageFilter,Full-volume
TranslationTransform,Full-volume
TriangleThresholdImageFilter,Slice-wise
UnaryMinusImageFilter,Slice-wise
UnsharpMaskImageFilter,Rolling-window
ValuedRegionalMaximaImageFilter,Slice-wise
ValuedRegionalMinimaImageFilter,Slice-wise
VectorConfidenceConnectedImageFilter,Slice-wise
VectorConnectedComponentImageFilter,Full-volume
VectorIndexSelectionCastImageFilter,Slice-wise
VectorMagnitudeImageFilter,Slice-wise
VersorRigid3DTransform,Full-volume
VersorTransform,Full-volume
VotingBinaryHoleFillingImageFilter,Slice-wise
VotingBinaryImageFilter,Slice-wise
VotingBinaryIterativeHoleFillingImageFilter,Slice-wise
WarpImageFilter,Slice-wise
WhiteTopHatImageFilter,Slice-wise
WienerDeconvolutionImageFilter,Full-volume
WrapPadImageFilter,Slice-wise
XorImageFilter,Slice-wise
YenThresholdImageFilter,Slice-wise
ZeroCrossingBasedEdgeDetectionImageFilter,Slice-wise
ZeroCrossingImageFilter,Slice-wise
ZeroFluxNeumannPadImageFilter,Slice-wise
